flight,method,rmse_twin,mean_aoi,max_aoi,lqg_cost,sync_count,fuse_count,median_assoc_error_m,median_sinr_db,samples
Opt1,proposed,118.39303303170013,1.5985286389910667,20.0,286695947.09909976,71.0,1033.0,32.814581475254855,21.93713,1903
Opt1,periodic,120.74305340020726,4.4944823962165,9.0,286695947.09909976,190.0,0.0,32.814581475254855,21.93713,1903
Opt1,event,118.21867728011446,0.025748817656332107,2.0,286695947.09909976,1854.0,0.0,32.814581475254855,21.93713,1903
Opt1,unconditional,118.21859632912347,0.0,0.0,286695947.09909976,1902.0,0.0,32.814581475254855,21.93713,1903
