flight,method,rmse_twin,mean_aoi,max_aoi,lqg_cost,sync_count,fuse_count,median_assoc_error_m,median_sinr_db,samples
Opt2,proposed,40.32588217911983,1.8754842280022137,20.0,37083855.39877935,33.0,783.0,25.984650525236123,22.9163589,1807
Opt2,periodic,46.19851139596432,4.494189263973436,9.0,37083855.39877935,180.0,0.0,25.984650525236123,22.9163589,1807
Opt2,event,39.601491517152084,0.0896513558384062,3.0,37083855.39877935,1663.0,0.0,25.984650525236123,22.9163589,1807
Opt2,unconditional,39.598862755729385,0.0,0.0,37083855.39877935,1806.0,0.0,25.984650525236123,22.9163589,1807
