flight,method,rmse_twin,mean_aoi,max_aoi,lqg_cost,sync_count,fuse_count,median_assoc_error_m,median_sinr_db,samples
Opt3,proposed,46.83450833009813,1.4576687116564417,20.0,38084136.866638884,68.0,825.0,30.68454248048848,21.79298305,1630
Opt3,periodic,52.516156038546335,4.5,9.0,38084136.866638884,162.0,0.0,30.68454248048848,21.79298305,1630
Opt3,event,46.46971219279042,0.025766871165644172,1.0,38084136.866638884,1587.0,0.0,30.68454248048848,21.79298305,1630
Opt3,unconditional,46.46951737551767,0.0,0.0,38084136.866638884,1629.0,0.0,30.68454248048848,21.79298305,1630
